sample_id,predicted_class,predicted_score,prob_Negative,prob_Neutral,prob_Positive,file_id,primary_modality,text_delta_probability,text_delta_score,audio_delta_probability,audio_delta_score,vision_delta_probability,vision_delta_score,evidence_json,alignment_status,position_mapping_note
01,Neutral,0.3668752908706665,0.03084195964038372,0.7111284136772156,0.25802960991859436,01,text,0.30571022629737854,0.2872281074523926,0.034271180629730225,-0.03531140089035034,0.06345760822296143,0.04911971092224121,"[{""modality"": ""text"", ""modality_delta_probability"": 0.30571022629737854, ""modality_delta_score"": 0.2872281074523926, ""kind"": ""window"", ""start_index"": 17, ""end_index_exclusive"": 21, ""delta_target_probability"": 0.08105051517486572, ""delta_score"": -0.04409313201904297, ""excerpt"": ""performs to its mile"", ""start_seconds"": 6.164201559020044, ""end_seconds"": 7.625197383073496, ""timing_quality"": ""ctc_forced_alignment_feature_position_mapping_assumed""}, {""modality"": ""audio"", ""modality_delta_probability"": 0.034271180629730225, ""modality_delta_score"": -0.03531140089035034, ""kind"": ""window"", ""start_index"": 9, ""end_index_exclusive"": 13, ""delta_target_probability"": 0.013792753219604492, ""delta_score"": -0.013708114624023438, ""excerpt"": ""belt is essential to"", ""start_seconds"": 3.0420734966592424, ""end_seconds"": 4.523082962138084, ""timing_quality"": ""ctc_forced_alignment_feature_position_mapping_assumed""}, {""modality"": ""vision"", ""modality_delta_probability"": 0.06345760822296143, ""modality_delta_score"": 0.04911971092224121, ""kind"": ""window"", ""start_index"": 5, ""end_index_exclusive"": 9, ""delta_target_probability"": 0.020830392837524414, ""delta_score"": -0.004676252603530884, ""excerpt"": ""when replacing the timing"", ""start_seconds"": 1.9813505011135857, ""end_seconds"": 3.002046213808463, ""timing_quality"": ""ctc_forced_alignment_feature_position_mapping_assumed""}]",ctc_forced_alignment,WordPiece-aligned feature positions assumed; original extraction timestamps unavailable
02,Positive,-0.045043885707855225,0.24942144751548767,0.3296705186367035,0.42090800404548645,02,text,0.2722066640853882,0.12645223736763,-0.20179477334022522,-0.19337564706802368,0.16610735654830933,0.12287640571594238,"[{""modality"": ""text"", ""modality_delta_probability"": 0.2722066640853882, ""modality_delta_score"": 0.12645223736763, ""kind"": ""window"", ""start_index"": 1, ""end_index_exclusive"": 5, ""delta_target_probability"": 0.3082980215549469, ""delta_score"": 0.5713768005371094, ""excerpt"": ""we want to live"", ""start_seconds"": 0.48121084337349396, ""end_seconds"": 0.942371234939759, ""timing_quality"": ""ctc_forced_alignment_feature_position_mapping_assumed""}, {""modality"": ""audio"", ""modality_delta_probability"": -0.20179477334022522, ""modality_delta_score"": -0.19337564706802368, ""kind"": ""window"", ""start_index"": 9, ""end_index_exclusive"": 13, ""delta_target_probability"": -0.09316655993461609, ""delta_score"": -0.11833802610635757, ""excerpt"": ""s happiness - not"", ""start_seconds"": 1.403531626506024, ""end_seconds"": 1.9248433734939758, ""timing_quality"": ""ctc_forced_alignment_feature_position_mapping_assumed""}, {""modality"": ""vision"", ""modality_delta_probability"": 0.16610735654830933, ""modality_delta_score"": 0.12287640571594238, ""kind"": ""window"", ""start_index"": 9, ""end_index_exclusive"": 13, ""delta_target_probability"": 0.11772799491882324, ""delta_score"": 0.14707762002944946, ""excerpt"": ""s happiness - not"", ""start_seconds"": 1.403531626506024, ""end_seconds"": 1.9248433734939758, ""timing_quality"": ""ctc_forced_alignment_feature_position_mapping_assumed""}]",ctc_forced_alignment,WordPiece-aligned feature positions assumed; original extraction timestamps unavailable
03,Neutral,-0.29600560665130615,0.30790823698043823,0.5959415435791016,0.0961502194404602,03,text,0.26026564836502075,-0.23589378595352173,0.012974739074707031,-0.11657929420471191,-0.0384182333946228,-0.10297726094722748,"[{""modality"": ""text"", ""modality_delta_probability"": 0.26026564836502075, ""modality_delta_score"": -0.23589378595352173, ""kind"": ""window"", ""start_index"": 5, ""end_index_exclusive"": 9, ""delta_target_probability"": 0.1391611099243164, ""delta_score"": -0.019132912158966064, ""excerpt"": ""lender at the"", ""start_seconds"": 1.0425564853556486, ""end_seconds"": 1.7242280334728035, ""timing_quality"": ""ctc_forced_alignment_feature_position_mapping_assumed""}, {""modality"": ""audio"", ""modality_delta_probability"": 0.012974739074707031, ""modality_delta_score"": -0.11657929420471191, ""kind"": ""window"", ""start_index"": 13, ""end_index_exclusive"": 17, ""delta_target_probability"": 0.02232760190963745, ""delta_score"": 0.01750814914703369, ""excerpt"": ""is just bankwest"", ""start_seconds"": 2.6063912133891214, ""end_seconds"": 3.6890460251046027, ""timing_quality"": ""ctc_forced_alignment_feature_position_mapping_assumed""}, {""modality"": ""vision"", ""modality_delta_probability"": -0.0384182333946228, ""modality_delta_score"": -0.10297726094722748, ""kind"": ""window"", ""start_index"": 17, ""end_index_exclusive"": 21, ""delta_target_probability"": -0.014255642890930176, ""delta_score"": -0.02412855625152588, ""excerpt"": ""who don ' t"", ""start_seconds"": 4.1100784518828455, ""end_seconds"": 4.7516516736401675, ""timing_quality"": ""ctc_forced_alignment_feature_position_mapping_assumed""}]",ctc_forced_alignment,WordPiece-aligned feature positions assumed; original extraction timestamps unavailable
04,Positive,1.0686520338058472,0.11369816213846207,0.0774582251906395,0.8088436126708984,04,vision,-0.02529245615005493,-0.0935981273651123,0.12391650676727295,0.26756560802459717,0.5797199606895447,1.145753264427185,"[{""modality"": ""text"", ""modality_delta_probability"": -0.02529245615005493, ""modality_delta_score"": -0.0935981273651123, ""kind"": ""window"", ""start_index"": 17, ""end_index_exclusive"": 21, ""delta_target_probability"": 0.1888912320137024, ""delta_score"": 0.3709399700164795, ""excerpt"": ""\"" go blue \"""", ""start_seconds"": 3.784144736842105, ""end_seconds"": 4.965438596491228, ""timing_quality"": ""ctc_forced_alignment_feature_position_mapping_assumed""}, {""modality"": ""audio"", ""modality_delta_probability"": 0.12391650676727295, ""modality_delta_score"": 0.26756560802459717, ""kind"": ""window"", ""start_index"": 1, ""end_index_exclusive"": 5, ""delta_target_probability"": -0.0427170991897583, ""delta_score"": -0.08359789848327637, ""excerpt"": ""if i blow it"", ""start_seconds"": 0.5005482456140351, ""end_seconds"": 1.0611622807017544, ""timing_quality"": ""ctc_forced_alignment_feature_position_mapping_assumed""}, {""modality"": ""vision"", ""modality_delta_probability"": 0.5797199606895447, ""modality_delta_score"": 1.145753264427185, ""kind"": ""window"", ""start_index"": 21, ""end_index_exclusive"": 25, ""delta_target_probability"": 0.12250536680221558, ""delta_score"": 0.26695752143859863, ""excerpt"": ""goodbye? ] absolutely"", ""start_seconds"": 4.484912280701754, ""end_seconds"": 5.946513157894737, ""timing_quality"": ""ctc_forced_alignment_feature_position_mapping_assumed""}]",ctc_forced_alignment,WordPiece-aligned feature positions assumed; original extraction timestamps unavailable
05,Positive,0.9631596207618713,0.005020373035222292,0.17196767032146454,0.8230118751525879,05,vision,0.11590874195098877,0.15657514333724976,-0.05895113945007324,-0.1880764365196228,0.38881903886795044,0.6731230020523071,"[{""modality"": ""text"", ""modality_delta_probability"": 0.11590874195098877, ""modality_delta_score"": 0.15657514333724976, ""kind"": ""window"", ""start_index"": 5, ""end_index_exclusive"": 9, ""delta_target_probability"": 0.08920544385910034, ""delta_score"": 0.07879364490509033, ""excerpt"": ""is chloe, video"", ""start_seconds"": 2.3053666666666666, ""end_seconds"": 3.5282133333333334, ""timing_quality"": ""ctc_forced_alignment_feature_position_mapping_assumed""}, {""modality"": ""audio"", ""modality_delta_probability"": -0.05895113945007324, ""modality_delta_score"": -0.1880764365196228, ""kind"": ""window"", ""start_index"": 1, ""end_index_exclusive"": 5, ""delta_target_probability"": -0.03100341558456421, ""delta_score"": -0.08494323492050171, ""excerpt"": ""hi, my name"", ""start_seconds"": 1.26294, ""end_seconds"": 2.245226666666667, ""timing_quality"": ""ctc_forced_alignment_feature_position_mapping_assumed""}, {""modality"": ""vision"", ""modality_delta_probability"": 0.38881903886795044, ""modality_delta_score"": 0.6731230020523071, ""kind"": ""window"", ""start_index"": 1, ""end_index_exclusive"": 5, ""delta_target_probability"": 0.14831703901290894, ""delta_score"": 0.29478734731674194, ""excerpt"": ""hi, my name"", ""start_seconds"": 1.26294, ""end_seconds"": 2.245226666666667, ""timing_quality"": ""ctc_forced_alignment_feature_position_mapping_assumed""}]",ctc_forced_alignment,WordPiece-aligned feature positions assumed; original extraction timestamps unavailable
06,Positive,0.35951679944992065,0.08427190780639648,0.35979461669921875,0.5559334754943848,06,text,0.3411829471588135,0.45524024963378906,-0.015942394733428955,-0.051512718200683594,-0.10743194818496704,-0.18429583311080933,"[{""modality"": ""text"", ""modality_delta_probability"": 0.3411829471588135, ""modality_delta_score"": 0.45524024963378906, ""kind"": ""window"", ""start_index"": 21, ""end_index_exclusive"": 25, ""delta_target_probability"": 0.1593766212463379, ""delta_score"": 0.1882801353931427, ""excerpt"": ""impressive dance moves then"", ""start_seconds"": 3.968787162162162, ""end_seconds"": 5.692603808353808, ""timing_quality"": ""ctc_forced_alignment_feature_position_mapping_assumed""}, {""modality"": ""audio"", ""modality_delta_probability"": -0.015942394733428955, ""modality_delta_score"": -0.051512718200683594, ""kind"": ""window"", ""start_index"": 13, ""end_index_exclusive"": 17, ""delta_target_probability"": 0.01672297716140747, ""delta_score"": 0.008875548839569092, ""excerpt"": ""just like to watch"", ""start_seconds"": 2.1447486179361177, ""end_seconds"": 2.8663462837837836, ""timing_quality"": ""ctc_forced_alignment_feature_position_mapping_assumed""}, {""modality"": ""vision"", ""modality_delta_probability"": -0.10743194818496704, ""modality_delta_score"": -0.18429583311080933, ""kind"": ""window"", ""start_index"": 21, ""end_index_exclusive"": 25, ""delta_target_probability"": -0.031223595142364502, ""delta_score"": -0.05353188514709473, ""excerpt"": ""impressive dance moves then"", ""start_seconds"": 3.968787162162162, ""end_seconds"": 5.692603808353808, ""timing_quality"": ""ctc_forced_alignment_feature_position_mapping_assumed""}]",ctc_forced_alignment,WordPiece-aligned feature positions assumed; original extraction timestamps unavailable
07,Positive,1.1238665580749512,0.002025922993198037,0.0793016254901886,0.918672502040863,07,text,0.5925111174583435,1.065600037574768,-0.017668724060058594,-0.0710371732711792,0.08707535266876221,0.2941854000091553,"[{""modality"": ""text"", ""modality_delta_probability"": 0.5925111174583435, ""modality_delta_score"": 1.065600037574768, ""kind"": ""window"", ""start_index"": 13, ""end_index_exclusive"": 17, ""delta_target_probability"": 0.10104405879974365, ""delta_score"": 0.24131625890731812, ""excerpt"": ""in our november 28"", ""start_seconds"": 2.8807535277516463, ""end_seconds"": 4.3011250587958605, ""timing_quality"": ""ctc_forced_alignment_feature_position_mapping_assumed""}, {""modality"": ""audio"", ""modality_delta_probability"": -0.017668724060058594, ""modality_delta_score"": -0.0710371732711792, ""kind"": ""window"", ""start_index"": 41, ""end_index_exclusive"": 45, ""delta_target_probability"": -0.004855096340179443, ""delta_score"": -0.018067240715026855, ""excerpt"": ""##lic partnerships, along"", ""start_seconds"": 12.383239122765758, ""end_seconds"": 14.26373100893697, ""timing_quality"": ""ctc_forced_alignment_feature_position_mapping_assumed""}, {""modality"": ""vision"", ""modality_delta_probability"": 0.08707535266876221, ""modality_delta_score"": 0.2941854000091553, ""kind"": ""window"", ""start_index"": 21, ""end_index_exclusive"": 25, ""delta_target_probability"": 0.014558911323547363, ""delta_score"": 0.06809735298156738, ""excerpt"": ""enthusiastically discussed the topics"", ""start_seconds"": 6.001569849482596, ""end_seconds"": 8.142129762464723, ""timing_quality"": ""ctc_forced_alignment_feature_position_mapping_assumed""}]",ctc_forced_alignment,WordPiece-aligned feature positions assumed; original extraction timestamps unavailable
08,Neutral,0.26760298013687134,0.07301674783229828,0.5135010480880737,0.4134821891784668,08,text,0.14053106307983398,0.7713491916656494,0.13857653737068176,-0.20951175689697266,0.07473507523536682,-0.1406916379928589,"[{""modality"": ""text"", ""modality_delta_probability"": 0.14053106307983398, ""modality_delta_score"": 0.7713491916656494, ""kind"": ""window"", ""start_index"": 5, ""end_index_exclusive"": 9, ""delta_target_probability"": 0.06076449155807495, ""delta_score"": 0.2620816230773926, ""excerpt"": ""tonight, the universal"", ""start_seconds"": 1.4625140306122448, ""end_seconds"": 2.5043048469387754, ""timing_quality"": ""ctc_forced_alignment_feature_position_mapping_assumed""}, {""modality"": ""audio"", ""modality_delta_probability"": 0.13857653737068176, ""modality_delta_score"": -0.20951175689697266, ""kind"": ""window"", ""start_index"": 5, ""end_index_exclusive"": 9, ""delta_target_probability"": 0.11409622430801392, ""delta_score"": -0.16481810808181763, ""excerpt"": ""tonight, the universal"", ""start_seconds"": 1.4625140306122448, ""end_seconds"": 2.5043048469387754, ""timing_quality"": ""ctc_forced_alignment_feature_position_mapping_assumed""}, {""modality"": ""vision"", ""modality_delta_probability"": 0.07473507523536682, ""modality_delta_score"": -0.1406916379928589, ""kind"": ""window"", ""start_index"": 1, ""end_index_exclusive"": 5, ""delta_target_probability"": 0.04529961943626404, ""delta_score"": -0.09305053949356079, ""excerpt"": ""that brings us to"", ""start_seconds"": 0.6411020408163265, ""end_seconds"": 1.3423073979591835, ""timing_quality"": ""ctc_forced_alignment_feature_position_mapping_assumed""}]",ctc_forced_alignment,WordPiece-aligned feature positions assumed; original extraction timestamps unavailable
09,Negative,-2.0207128524780273,0.9916130304336548,0.006141482852399349,0.0022454513236880302,09,text,0.5603352189064026,-1.8884994983673096,0.003846883773803711,-0.14546418190002441,0.0005548000335693359,-0.07815515995025635,"[{""modality"": ""text"", ""modality_delta_probability"": 0.5603352189064026, ""modality_delta_score"": -1.8884994983673096, ""kind"": ""window"", ""start_index"": 5, ""end_index_exclusive"": 9, ""delta_target_probability"": 0.012313425540924072, ""delta_score"": -0.15910100936889648, ""excerpt"": ""i did not like"", ""start_seconds"": 1.1255121457489878, ""end_seconds"": 1.6078744939271257, ""timing_quality"": ""ctc_forced_alignment_feature_position_mapping_assumed""}, {""modality"": ""audio"", ""modality_delta_probability"": 0.003846883773803711, ""modality_delta_score"": -0.14546418190002441, ""kind"": ""window"", ""start_index"": 13, ""end_index_exclusive"": 17, ""delta_target_probability"": 0.0018344521522521973, ""delta_score"": -0.06458783149719238, ""excerpt"": "", i would not"", ""start_seconds"": 2.81378036437247, ""end_seconds"": 3.155453694331984, ""timing_quality"": ""ctc_forced_alignment_feature_position_mapping_assumed""}, {""modality"": ""vision"", ""modality_delta_probability"": 0.0005548000335693359, ""modality_delta_score"": -0.07815515995025635, ""kind"": ""window"", ""start_index"": 17, ""end_index_exclusive"": 19, ""delta_target_probability"": 0.00035583972930908203, ""delta_score"": -0.015737295150756836, ""excerpt"": ""recommend it"", ""start_seconds"": 3.2157489878542513, ""end_seconds"": 4.361359564777328, ""timing_quality"": ""ctc_forced_alignment_feature_position_mapping_assumed""}]",ctc_forced_alignment,WordPiece-aligned feature positions assumed; original extraction timestamps unavailable
10,Negative,-0.9720891714096069,0.9283849596977234,0.03848540037870407,0.03312959894537926,10,text,0.48978134989738464,-1.0515028238296509,0.0011566877365112305,0.04706263542175293,0.043975770473480225,-0.018057584762573242,"[{""modality"": ""text"", ""modality_delta_probability"": 0.48978134989738464, ""modality_delta_score"": -1.0515028238296509, ""kind"": ""window"", ""start_index"": 29, ""end_index_exclusive"": 31, ""delta_target_probability"": 0.4340962767601013, ""delta_score"": -1.0627498626708984, ""excerpt"": ""pretty terrible"", ""start_seconds"": 8.39336206454918, ""end_seconds"": 9.21466956967213, ""timing_quality"": ""ctc_forced_alignment_feature_position_mapping_assumed""}, {""modality"": ""audio"", ""modality_delta_probability"": 0.0011566877365112305, ""modality_delta_score"": 0.04706263542175293, ""kind"": ""window"", ""start_index"": 5, ""end_index_exclusive"": 9, ""delta_target_probability"": -0.0063967108726501465, ""delta_score"": 0.021193742752075195, ""excerpt"": ""you know i really"", ""start_seconds"": 1.3421366547131148, ""end_seconds"": 2.2836355020491803, ""timing_quality"": ""ctc_forced_alignment_feature_position_mapping_assumed""}, {""modality"": ""vision"", ""modality_delta_probability"": 0.043975770473480225, ""modality_delta_score"": -0.018057584762573242, ""kind"": ""window"", ""start_index"": 25, ""end_index_exclusive"": 29, ""delta_target_probability"": 0.014754652976989746, ""delta_score"": -0.05656695365905762, ""excerpt"": ""but this one was"", ""start_seconds"": 6.750747054303279, ""end_seconds"": 7.6722140112704915, ""timing_quality"": ""ctc_forced_alignment_feature_position_mapping_assumed""}]",ctc_forced_alignment,WordPiece-aligned feature positions assumed; original extraction timestamps unavailable
11,Negative,-1.0396857261657715,0.8798527717590332,0.09303665161132812,0.027110587805509567,11,text,0.32854074239730835,-0.8028303384780884,-0.0429263710975647,0.0829627513885498,0.07122129201889038,-0.15239334106445312,"[{""modality"": ""text"", ""modality_delta_probability"": 0.32854074239730835, ""modality_delta_score"": -0.8028303384780884, ""kind"": ""window"", ""start_index"": 1, ""end_index_exclusive"": 5, ""delta_target_probability"": 0.7487391233444214, ""delta_score"": -1.2150826454162598, ""excerpt"": ""i would be ashamed"", ""start_seconds"": 0.5618536585365853, ""end_seconds"": 1.3444355400696864, ""timing_quality"": ""ctc_forced_alignment_feature_position_mapping_assumed""}, {""modality"": ""audio"", ""modality_delta_probability"": -0.0429263710975647, ""modality_delta_score"": 0.0829627513885498, ""kind"": ""window"", ""start_index"": 1, ""end_index_exclusive"": 5, ""delta_target_probability"": -0.053254783153533936, ""delta_score"": 0.1570296287536621, ""excerpt"": ""i would be ashamed"", ""start_seconds"": 0.5618536585365853, ""end_seconds"": 1.3444355400696864, ""timing_quality"": ""ctc_forced_alignment_feature_position_mapping_assumed""}, {""modality"": ""vision"", ""modality_delta_probability"": 0.07122129201889038, ""modality_delta_score"": -0.15239334106445312, ""kind"": ""window"", ""start_index"": 1, ""end_index_exclusive"": 5, ""delta_target_probability"": 0.05654674768447876, ""delta_score"": -0.13070565462112427, ""excerpt"": ""i would be ashamed"", ""start_seconds"": 0.5618536585365853, ""end_seconds"": 1.3444355400696864, ""timing_quality"": ""ctc_forced_alignment_feature_position_mapping_assumed""}]",ctc_forced_alignment,WordPiece-aligned feature positions assumed; original extraction timestamps unavailable
12,Negative,-1.0773271322250366,0.9005666375160217,0.08559715747833252,0.013836191035807133,12,text,0.39315611124038696,-0.8459449410438538,0.0069956183433532715,-0.058084726333618164,0.13990092277526855,-0.4151644706726074,"[{""modality"": ""text"", ""modality_delta_probability"": 0.39315611124038696, ""modality_delta_score"": -0.8459449410438538, ""kind"": ""window"", ""start_index"": 33, ""end_index_exclusive"": 37, ""delta_target_probability"": 0.0988432765007019, ""delta_score"": -0.2491382360458374, ""excerpt"": ""sag, and"", ""start_seconds"": 9.951255929237947, ""end_seconds"": 10.75216183903577, ""timing_quality"": ""ctc_forced_alignment_feature_position_mapping_assumed""}, {""modality"": ""audio"", ""modality_delta_probability"": 0.0069956183433532715, ""modality_delta_score"": -0.058084726333618164, ""kind"": ""window"", ""start_index"": 37, ""end_index_exclusive"": 41, ""delta_target_probability"": 0.0068885087966918945, ""delta_score"": -0.02706325054168701, ""excerpt"": ""credit scores is very"", ""start_seconds"": 11.11256949844479, ""end_seconds"": 11.953520703732504, ""timing_quality"": ""ctc_forced_alignment_feature_position_mapping_assumed""}, {""modality"": ""vision"", ""modality_delta_probability"": 0.13990092277526855, ""modality_delta_score"": -0.4151644706726074, ""kind"": ""window"", ""start_index"": 33, ""end_index_exclusive"": 37, ""delta_target_probability"": 0.022246956825256348, ""delta_score"": -0.08330100774765015, ""excerpt"": ""sag, and"", ""start_seconds"": 9.951255929237947, ""end_seconds"": 10.75216183903577, ""timing_quality"": ""ctc_forced_alignment_feature_position_mapping_assumed""}]",ctc_forced_alignment,WordPiece-aligned feature positions assumed; original extraction timestamps unavailable
13,Neutral,0.24539604783058167,0.047588881105184555,0.5878491401672363,0.3645620346069336,13,text,0.3611714243888855,0.63585364818573,0.05328434705734253,-0.14106673002243042,0.0,-2.9802322387695312e-08,"[{""modality"": ""text"", ""modality_delta_probability"": 0.3611714243888855, ""modality_delta_score"": 0.63585364818573, ""kind"": ""window"", ""start_index"": 1, ""end_index_exclusive"": 5, ""delta_target_probability"": 0.08293086290359497, ""delta_score"": 0.14251628518104553, ""excerpt"": ""for example, i"", ""start_seconds"": 0.0, ""end_seconds"": 0.9025202078521941, ""timing_quality"": ""ctc_forced_alignment_feature_position_mapping_assumed""}, {""modality"": ""audio"", ""modality_delta_probability"": 0.05328434705734253, ""modality_delta_score"": -0.14106673002243042, ""kind"": ""window"", ""start_index"": 13, ""end_index_exclusive"": 17, ""delta_target_probability"": 0.011073291301727295, ""delta_score"": -0.007923871278762817, ""excerpt"": ""that data, i"", ""start_seconds"": 3.910920900692841, ""end_seconds"": 4.713161085450347, ""timing_quality"": ""ctc_forced_alignment_feature_position_mapping_assumed""}, {""modality"": ""vision"", ""modality_delta_probability"": 0.0, ""modality_delta_score"": -2.9802322387695312e-08, ""kind"": ""window"", ""start_index"": 1, ""end_index_exclusive"": 5, ""delta_target_probability"": 0.0, ""delta_score"": -2.9802322387695312e-08, ""excerpt"": ""for example, i"", ""start_seconds"": 0.0, ""end_seconds"": 0.9025202078521941, ""timing_quality"": ""ctc_forced_alignment_feature_position_mapping_assumed""}]",ctc_forced_alignment,WordPiece-aligned feature positions assumed; original extraction timestamps unavailable
14,Neutral,0.25940605998039246,0.015159040689468384,0.7774062752723694,0.20743463933467865,14,text,0.6473195552825928,-0.632846474647522,0.011510312557220459,-0.020985275506973267,-0.03921353816986084,0.22352664172649384,"[{""modality"": ""text"", ""modality_delta_probability"": 0.6473195552825928, ""modality_delta_score"": -0.632846474647522, ""kind"": ""window"", ""start_index"": 9, ""end_index_exclusive"": 13, ""delta_target_probability"": 0.2311118245124817, ""delta_score"": -0.26054468750953674, ""excerpt"": ""##en and vettes"", ""start_seconds"": 1.5809855675146773, ""end_seconds"": 2.461534491193738, ""timing_quality"": ""ctc_forced_alignment_feature_position_mapping_assumed""}, {""modality"": ""audio"", ""modality_delta_probability"": 0.011510312557220459, ""modality_delta_score"": -0.020985275506973267, ""kind"": ""window"", ""start_index"": 5, ""end_index_exclusive"": 9, ""delta_target_probability"": -0.01807427406311035, ""delta_score"": 0.032860204577445984, ""excerpt"": ""- founder of ross"", ""start_seconds"": 1.020636252446184, ""end_seconds"": 1.9612226027397264, ""timing_quality"": ""ctc_forced_alignment_feature_position_mapping_assumed""}, {""modality"": ""vision"", ""modality_delta_probability"": -0.03921353816986084, ""modality_delta_score"": 0.22352664172649384, ""kind"": ""window"", ""start_index"": 1, ""end_index_exclusive"": 5, ""delta_target_probability"": -0.024868786334991455, ""delta_score"": 0.05243809521198273, ""excerpt"": ""he is the co"", ""start_seconds"": 0.5003118884540119, ""end_seconds"": 0.8805489236790608, ""timing_quality"": ""ctc_forced_alignment_feature_position_mapping_assumed""}]",ctc_forced_alignment,WordPiece-aligned feature positions assumed; original extraction timestamps unavailable
15,Positive,0.8623186349868774,0.01763763278722763,0.1873684525489807,0.7949938178062439,15,text,0.4680621325969696,0.667128324508667,0.22826814651489258,0.3465428352355957,0.0059413909912109375,0.09168672561645508,"[{""modality"": ""text"", ""modality_delta_probability"": 0.4680621325969696, ""modality_delta_score"": 0.667128324508667, ""kind"": ""window"", ""start_index"": 1, ""end_index_exclusive"": 5, ""delta_target_probability"": 0.32704249024391174, ""delta_score"": 0.5093275308609009, ""excerpt"": ""however, despite their"", ""start_seconds"": 0.08015684931506849, ""end_seconds"": 1.5830977739726027, ""timing_quality"": ""ctc_forced_alignment_feature_position_mapping_assumed""}, {""modality"": ""audio"", ""modality_delta_probability"": 0.22826814651489258, ""modality_delta_score"": 0.3465428352355957, ""kind"": ""window"", ""start_index"": 17, ""end_index_exclusive"": 21, ""delta_target_probability"": 0.07933849096298218, ""delta_score"": 0.18216931819915771, ""excerpt"": ""its power to transform"", ""start_seconds"": 5.330430479452055, ""end_seconds"": 6.993685102739725, ""timing_quality"": ""ctc_forced_alignment_feature_position_mapping_assumed""}, {""modality"": ""vision"", ""modality_delta_probability"": 0.0059413909912109375, ""modality_delta_score"": 0.09168672561645508, ""kind"": ""window"", ""start_index"": 17, ""end_index_exclusive"": 21, ""delta_target_probability"": 0.03336071968078613, ""delta_score"": 0.08492988348007202, ""excerpt"": ""its power to transform"", ""start_seconds"": 5.330430479452055, ""end_seconds"": 6.993685102739725, ""timing_quality"": ""ctc_forced_alignment_feature_position_mapping_assumed""}]",ctc_forced_alignment,WordPiece-aligned feature positions assumed; original extraction timestamps unavailable
16,Negative,-2.500284194946289,0.9973058700561523,0.002271463396027684,0.000422624871134758,16,text,0.5717446804046631,-2.3950374126434326,-5.823373794555664e-05,-0.04201936721801758,0.0011374354362487793,-0.08223724365234375,"[{""modality"": ""text"", ""modality_delta_probability"": 0.5717446804046631, ""modality_delta_score"": -2.3950374126434326, ""kind"": ""window"", ""start_index"": 9, ""end_index_exclusive"": 12, ""delta_target_probability"": 0.007444858551025391, ""delta_score"": -0.47864866256713867, ""excerpt"": ""a terrible movie"", ""start_seconds"": 1.733490894039735, ""end_seconds"": 2.519608857615894, ""timing_quality"": ""ctc_forced_alignment_feature_position_mapping_assumed""}, {""modality"": ""audio"", ""modality_delta_probability"": -5.823373794555664e-05, ""modality_delta_score"": -0.04201936721801758, ""kind"": ""window"", ""start_index"": 5, ""end_index_exclusive"": 9, ""delta_target_probability"": -0.0002988576889038086, ""delta_score"": 0.0018527507781982422, ""excerpt"": ""terrible, this is"", ""start_seconds"": 0.8062748344370861, ""end_seconds"": 1.6730202814569537, ""timing_quality"": ""ctc_forced_alignment_feature_position_mapping_assumed""}, {""modality"": ""vision"", ""modality_delta_probability"": 0.0011374354362487793, ""modality_delta_score"": -0.08223724365234375, ""kind"": ""window"", ""start_index"": 5, ""end_index_exclusive"": 9, ""delta_target_probability"": 0.0005195140838623047, ""delta_score"": -0.0391845703125, ""excerpt"": ""terrible, this is"", ""start_seconds"": 0.8062748344370861, ""end_seconds"": 1.6730202814569537, ""timing_quality"": ""ctc_forced_alignment_feature_position_mapping_assumed""}]",ctc_forced_alignment,WordPiece-aligned feature positions assumed; original extraction timestamps unavailable
17,Positive,1.7829076051712036,0.0008877292275428772,0.00858271960169077,0.9905295968055725,17,text,0.7477456331253052,1.8605533838272095,0.00012665987014770508,-0.07559609413146973,0.010485410690307617,0.2918274402618408,"[{""modality"": ""text"", ""modality_delta_probability"": 0.7477456331253052, ""modality_delta_score"": 1.8605533838272095, ""kind"": ""window"", ""start_index"": 13, ""end_index_exclusive"": 17, ""delta_target_probability"": 0.013701021671295166, ""delta_score"": 0.2994987964630127, ""excerpt"": ""and will make people"", ""start_seconds"": 6.43573034591195, ""end_seconds"": 7.37803354297694, ""timing_quality"": ""ctc_forced_alignment_feature_position_mapping_assumed""}, {""modality"": ""audio"", ""modality_delta_probability"": 0.00012665987014770508, ""modality_delta_score"": -0.07559609413146973, ""kind"": ""window"", ""start_index"": 13, ""end_index_exclusive"": 17, ""delta_target_probability"": 0.0006673932075500488, ""delta_score"": -0.007416486740112305, ""excerpt"": ""and will make people"", ""start_seconds"": 6.43573034591195, ""end_seconds"": 7.37803354297694, ""timing_quality"": ""ctc_forced_alignment_feature_position_mapping_assumed""}, {""modality"": ""vision"", ""modality_delta_probability"": 0.010485410690307617, ""modality_delta_score"": 0.2918274402618408, ""kind"": ""window"", ""start_index"": 9, ""end_index_exclusive"": 13, ""delta_target_probability"": 0.0022385120391845703, ""delta_score"": 0.09481346607208252, ""excerpt"": ""is simple, easy"", ""start_seconds"": 4.370682914046122, ""end_seconds"": 5.874358228511531, ""timing_quality"": ""ctc_forced_alignment_feature_position_mapping_assumed""}]",ctc_forced_alignment,WordPiece-aligned feature positions assumed; original extraction timestamps unavailable
18,Neutral,-0.504195511341095,0.4132610559463501,0.5318431258201599,0.05489581450819969,18,text,0.19936367869377136,-0.2936360239982605,0.0034332871437072754,-0.07958924770355225,-0.06663036346435547,-0.21675586700439453,"[{""modality"": ""text"", ""modality_delta_probability"": 0.19936367869377136, ""modality_delta_score"": -0.2936360239982605, ""kind"": ""window"", ""start_index"": 17, ""end_index_exclusive"": 21, ""delta_target_probability"": 0.11773490905761719, ""delta_score"": 0.11132305860519409, ""excerpt"": ""meanwhile, the fae"", ""start_seconds"": 6.345639433404941, ""end_seconds"": 7.74688473415682, ""timing_quality"": ""ctc_forced_alignment_feature_position_mapping_assumed""}, {""modality"": ""audio"", ""modality_delta_probability"": 0.0034332871437072754, ""modality_delta_score"": -0.07958924770355225, ""kind"": ""window"", ""start_index"": 33, ""end_index_exclusive"": 37, ""delta_target_probability"": -0.009110808372497559, ""delta_score"": -0.006246984004974365, ""excerpt"": ""on the fact that"", ""start_seconds"": 11.470193676154672, ""end_seconds"": 12.050709586466166, ""timing_quality"": ""ctc_forced_alignment_feature_position_mapping_assumed""}, {""modality"": ""vision"", ""modality_delta_probability"": -0.06663036346435547, ""modality_delta_score"": -0.21675586700439453, ""kind"": ""window"", ""start_index"": 29, ""end_index_exclusive"": 33, ""delta_target_probability"": -0.02982419729232788, ""delta_score"": -0.0582146942615509, ""excerpt"": ""denied msc certification based"", ""start_seconds"": 9.028023294844253, ""end_seconds"": 11.390122516111708, ""timing_quality"": ""ctc_forced_alignment_feature_position_mapping_assumed""}]",ctc_forced_alignment,WordPiece-aligned feature positions assumed; original extraction timestamps unavailable
19,Positive,0.7360004186630249,0.3171314001083374,0.13421379029750824,0.5486547946929932,19,vision,-0.12326973676681519,0.031609296798706055,0.069610595703125,0.10566139221191406,0.19106841087341309,0.40601617097854614,"[{""modality"": ""text"", ""modality_delta_probability"": -0.12326973676681519, ""modality_delta_score"": 0.031609296798706055, ""kind"": ""window"", ""start_index"": 1, ""end_index_exclusive"": 5, ""delta_target_probability"": 0.20485076308250427, ""delta_score"": 0.3683018684387207, ""excerpt"": ""people are surprisingly for"", ""start_seconds"": 0.520413419117647, ""end_seconds"": 2.221764981617647, ""timing_quality"": ""ctc_forced_alignment_feature_position_mapping_assumed""}, {""modality"": ""audio"", ""modality_delta_probability"": 0.069610595703125, ""modality_delta_score"": 0.10566139221191406, ""kind"": ""window"", ""start_index"": 1, ""end_index_exclusive"": 5, ""delta_target_probability"": 0.03492528200149536, ""delta_score"": 0.054175496101379395, ""excerpt"": ""people are surprisingly for"", ""start_seconds"": 0.520413419117647, ""end_seconds"": 2.221764981617647, ""timing_quality"": ""ctc_forced_alignment_feature_position_mapping_assumed""}, {""modality"": ""vision"", ""modality_delta_probability"": 0.19106841087341309, ""modality_delta_score"": 0.40601617097854614, ""kind"": ""window"", ""start_index"": 1, ""end_index_exclusive"": 5, ""delta_target_probability"": 0.07530808448791504, ""delta_score"": 0.1429687738418579, ""excerpt"": ""people are surprisingly for"", ""start_seconds"": 0.520413419117647, ""end_seconds"": 2.221764981617647, ""timing_quality"": ""ctc_forced_alignment_feature_position_mapping_assumed""}]",ctc_forced_alignment,WordPiece-aligned feature positions assumed; original extraction timestamps unavailable
20,Positive,1.1609972715377808,0.0015856534009799361,0.043028008192777634,0.9553862810134888,20,text,0.3266681432723999,0.6707675457000732,0.014663338661193848,0.04209578037261963,0.12780535221099854,0.498640239238739,"[{""modality"": ""text"", ""modality_delta_probability"": 0.3266681432723999, ""modality_delta_score"": 0.6707675457000732, ""kind"": ""window"", ""start_index"": 41, ""end_index_exclusive"": 44, ""delta_target_probability"": 0.021259307861328125, ""delta_score"": 0.1422114372253418, ""excerpt"": ""day today."", ""start_seconds"": 9.328521759259258, ""end_seconds"": 9.688850925925925, ""timing_quality"": ""ctc_forced_alignment_feature_position_mapping_assumed""}, {""modality"": ""audio"", ""modality_delta_probability"": 0.014663338661193848, ""modality_delta_score"": 0.04209578037261963, ""kind"": ""window"", ""start_index"": 37, ""end_index_exclusive"": 41, ""delta_target_probability"": 0.005139470100402832, ""delta_score"": 0.010442376136779785, ""excerpt"": ""the end of the"", ""start_seconds"": 8.928156018518518, ""end_seconds"": 9.288485185185184, ""timing_quality"": ""ctc_forced_alignment_feature_position_mapping_assumed""}, {""modality"": ""vision"", ""modality_delta_probability"": 0.12780535221099854, ""modality_delta_score"": 0.498640239238739, ""kind"": ""window"", ""start_index"": 5, ""end_index_exclusive"": 9, ""delta_target_probability"": 0.010550856590270996, ""delta_score"": 0.07473289966583252, ""excerpt"": ""click in the link"", ""start_seconds"": 1.1810789351851851, ""end_seconds"": 1.9617921296296295, ""timing_quality"": ""ctc_forced_alignment_feature_position_mapping_assumed""}]",ctc_forced_alignment,WordPiece-aligned feature positions assumed; original extraction timestamps unavailable
