sample_id,kind,modality,start_index,end_index_exclusive,delta_target_probability,delta_score
01,modality,text,-1,-1,0.30571022629737854,0.2872281074523926
01,modality,audio,-1,-1,0.034271180629730225,-0.03531140089035034
01,modality,vision,-1,-1,0.06345760822296143,0.04911971092224121
01,window,text,1,5,0.07813608646392822,-0.02717667818069458
01,window,text,5,9,0.023573577404022217,0.05266037583351135
01,window,text,9,13,0.04822307825088501,0.005375295877456665
01,window,text,13,17,0.059875547885894775,-0.00199204683303833
01,window,text,17,21,0.08105051517486572,-0.04409313201904297
01,window,text,21,23,0.04180198907852173,-0.012976765632629395
01,window,audio,1,5,-0.011621236801147461,0.03645133972167969
01,window,audio,5,9,0.009741365909576416,-0.02662128210067749
01,window,audio,9,13,0.013792753219604492,-0.013708114624023438
01,window,audio,13,17,0.009349942207336426,-0.0018714368343353271
01,window,audio,17,21,0.008184552192687988,-0.016293734312057495
01,window,audio,21,23,0.003524184226989746,-0.010043799877166748
01,window,vision,1,5,0.011436820030212402,0.021484851837158203
01,window,vision,5,9,0.020830392837524414,-0.004676252603530884
01,window,vision,9,13,0.00729525089263916,0.0023686587810516357
01,window,vision,13,17,0.0042435526847839355,0.020067691802978516
01,window,vision,17,21,0.010771214962005615,0.00895237922668457
01,window,vision,21,23,0.004017829895019531,-0.0010758042335510254
02,modality,text,-1,-1,0.2722066640853882,0.12645223736763
02,modality,audio,-1,-1,-0.20179477334022522,-0.19337564706802368
02,modality,vision,-1,-1,0.16610735654830933,0.12287640571594238
02,window,text,1,5,0.3082980215549469,0.5713768005371094
02,window,text,5,9,-0.2329351007938385,-0.3157539367675781
02,window,text,9,13,0.29774075746536255,0.4926873445510864
02,window,text,13,17,-0.21235325932502747,-0.2808712422847748
02,window,text,17,20,-0.10067340731620789,-0.19352126121520996
02,window,audio,1,5,-0.061565905809402466,-0.05032163858413696
02,window,audio,5,9,-0.06682273745536804,-0.06179402023553848
02,window,audio,9,13,-0.09316655993461609,-0.11833802610635757
02,window,audio,13,17,-0.005327075719833374,0.0044297873973846436
02,window,audio,17,20,0.0061684250831604,0.023484647274017334
02,window,vision,1,5,0.042856842279434204,0.03454456478357315
02,window,vision,5,9,0.048447608947753906,0.045838937163352966
02,window,vision,9,13,0.11772799491882324,0.14707762002944946
02,window,vision,13,17,-0.024619340896606445,-0.05364205688238144
02,window,vision,17,20,-0.024122178554534912,-0.058242134749889374
03,modality,text,-1,-1,0.26026564836502075,-0.23589378595352173
03,modality,audio,-1,-1,0.012974739074707031,-0.11657929420471191
03,modality,vision,-1,-1,-0.0384182333946228,-0.10297726094722748
03,window,text,1,5,0.06418818235397339,-0.03559136390686035
03,window,text,5,9,0.1391611099243164,-0.019132912158966064
03,window,text,9,13,0.08639347553253174,-0.009163379669189453
03,window,text,13,17,0.11746132373809814,0.00873681902885437
03,window,text,17,21,-0.08497202396392822,-0.21052542328834534
03,window,text,21,25,-0.015720844268798828,-0.13365459442138672
03,window,text,25,29,-0.07116484642028809,-0.1553894728422165
03,window,text,29,33,-0.03257185220718384,-0.11276157200336456
03,window,text,33,34,0.045249104499816895,0.04072567820549011
03,window,audio,1,5,0.016232550144195557,-0.005109846591949463
03,window,audio,5,9,-0.0002945065498352051,0.002218008041381836
03,window,audio,9,13,0.0032252073287963867,-0.016118228435516357
03,window,audio,13,17,0.02232760190963745,0.01750814914703369
03,window,audio,17,21,0.004427134990692139,-0.007033407688140869
03,window,audio,21,25,-0.016903281211853027,-0.045112162828445435
03,window,audio,25,29,-0.01550823450088501,-0.048378124833106995
03,window,audio,29,33,0.0016939043998718262,-0.005009472370147705
03,window,audio,33,34,-0.0009832382202148438,-0.0011453628540039062
03,window,vision,1,5,-0.006465137004852295,-0.00048285722732543945
03,window,vision,5,9,-0.005668520927429199,-0.0056528449058532715
03,window,vision,9,13,-0.00395810604095459,-0.01078885793685913
03,window,vision,13,17,-0.0010952949523925781,-0.010034292936325073
03,window,vision,17,21,-0.014255642890930176,-0.02412855625152588
03,window,vision,21,25,-0.005340576171875,-0.027605384588241577
03,window,vision,25,29,-0.0067122578620910645,-0.0031834542751312256
03,window,vision,29,33,-0.007367610931396484,-0.01878032088279724
03,window,vision,33,34,-0.0011263489723205566,-0.0007358193397521973
04,modality,text,-1,-1,-0.02529245615005493,-0.0935981273651123
04,modality,audio,-1,-1,0.12391650676727295,0.26756560802459717
04,modality,vision,-1,-1,0.5797199606895447,1.145753264427185
04,window,text,1,5,-0.02491748332977295,0.04319918155670166
04,window,text,5,9,0.024635255336761475,0.09561645984649658
04,window,text,9,13,-0.10686558485031128,-0.23921000957489014
04,window,text,13,17,-0.0062888264656066895,0.04797196388244629
04,window,text,17,21,0.1888912320137024,0.3709399700164795
04,window,text,21,25,-0.008873701095581055,-0.12869977951049805
04,window,text,25,27,-0.07784593105316162,-0.291545033454895
04,window,audio,1,5,-0.0427170991897583,-0.08359789848327637
04,window,audio,5,9,0.036753058433532715,0.05206608772277832
04,window,audio,9,13,-0.005679428577423096,-0.0037817955017089844
04,window,audio,13,17,0.02256399393081665,0.04924333095550537
04,window,audio,17,21,0.03861147165298462,0.06675517559051514
04,window,audio,21,25,0.02895587682723999,0.06394565105438232
04,window,audio,25,27,0.021422147750854492,0.08018553256988525
04,window,vision,1,5,-0.00640559196472168,-0.015904545783996582
04,window,vision,5,9,0.04266482591629028,0.08426547050476074
04,window,vision,9,13,0.01691567897796631,0.06612932682037354
04,window,vision,13,17,0.09581923484802246,0.22714006900787354
04,window,vision,17,21,0.0939447283744812,0.20349633693695068
04,window,vision,21,25,0.12250536680221558,0.26695752143859863
04,window,vision,25,27,0.026681959629058838,0.07620429992675781
05,modality,text,-1,-1,0.11590874195098877,0.15657514333724976
05,modality,audio,-1,-1,-0.05895113945007324,-0.1880764365196228
05,modality,vision,-1,-1,0.38881903886795044,0.6731230020523071
05,window,text,1,5,0.0549202561378479,0.1295778751373291
05,window,text,5,9,0.08920544385910034,0.07879364490509033
05,window,text,9,13,0.02493464946746826,0.06302672624588013
05,window,text,13,16,-0.015445709228515625,-0.02535724639892578
05,window,audio,1,5,-0.03100341558456421,-0.08494323492050171
05,window,audio,5,9,-0.01378488540649414,-0.0464971661567688
05,window,audio,9,13,-0.014295220375061035,-0.03540605306625366
05,window,audio,13,16,-0.006164669990539551,-0.020705223083496094
05,window,vision,1,5,0.14831703901290894,0.29478734731674194
05,window,vision,5,9,0.12613803148269653,0.2666481137275696
05,window,vision,9,13,0.011070013046264648,0.04424220323562622
05,window,vision,13,16,0.000555872917175293,-0.0040021538734436035
06,modality,text,-1,-1,0.3411829471588135,0.45524024963378906
06,modality,audio,-1,-1,-0.015942394733428955,-0.051512718200683594
06,modality,vision,-1,-1,-0.10743194818496704,-0.18429583311080933
06,window,text,1,5,0.043403029441833496,0.04604664444923401
06,window,text,5,9,0.11458560824394226,0.14247435331344604
06,window,text,9,13,0.01817166805267334,0.0023744702339172363
06,window,text,13,17,0.11091065406799316,0.09826028347015381
06,window,text,17,21,0.03970986604690552,0.03727558255195618
06,window,text,21,25,0.1593766212463379,0.1882801353931427
06,window,text,25,29,0.03535836935043335,-0.0020108819007873535
06,window,text,29,33,-0.030652344226837158,-0.012473702430725098
06,window,text,33,36,-0.07698047161102295,-0.02700561285018921
06,window,audio,1,5,0.007312178611755371,0.0009719729423522949
06,window,audio,5,9,0.0028727054595947266,-0.0007371902465820312
06,window,audio,9,13,0.0037453174591064453,-0.00054970383644104
06,window,audio,13,17,0.01672297716140747,0.008875548839569092
06,window,audio,17,21,-0.015978574752807617,-0.0193517804145813
06,window,audio,21,25,-0.004036426544189453,-0.019613981246948242
06,window,audio,25,29,-0.006838440895080566,0.0002570152282714844
06,window,audio,29,33,-0.013103067874908447,-0.010943979024887085
06,window,audio,33,36,-0.00786811113357544,-0.009562939405441284
06,window,vision,1,5,-0.01411205530166626,-0.021791577339172363
06,window,vision,5,9,-0.0058893561363220215,-0.00916963815689087
06,window,vision,9,13,-0.02081376314163208,-0.027561843395233154
06,window,vision,13,17,-0.023619234561920166,-0.024300456047058105
06,window,vision,17,21,-0.0011286735534667969,0.00031322240829467773
06,window,vision,21,25,-0.031223595142364502,-0.05353188514709473
06,window,vision,25,29,-0.01000887155532837,-0.0268709659576416
06,window,vision,29,33,-0.0010758042335510254,-0.004738926887512207
06,window,vision,33,36,-0.000448763370513916,-0.011195480823516846
07,modality,text,-1,-1,0.5925111174583435,1.065600037574768
07,modality,audio,-1,-1,-0.017668724060058594,-0.0710371732711792
07,modality,vision,-1,-1,0.08707535266876221,0.2941854000091553
07,window,text,1,5,-0.010258376598358154,-0.0337909460067749
07,window,text,5,9,-0.0012523531913757324,0.007753133773803711
07,window,text,9,13,-0.00898885726928711,-0.03305172920227051
07,window,text,13,17,0.10104405879974365,0.24131625890731812
07,window,text,17,21,0.0018457770347595215,-0.01624906063079834
07,window,text,21,25,0.010385394096374512,0.06282377243041992
07,window,text,25,29,0.04508984088897705,0.15089046955108643
07,window,text,29,33,-0.0045011043548583984,-0.02479875087738037
07,window,text,33,37,-0.011635422706604004,-0.04854011535644531
07,window,text,37,41,-0.019859790802001953,-0.06671738624572754
07,window,text,41,45,-0.0013247132301330566,0.017216920852661133
07,window,text,45,49,0.023654580116271973,0.1344759464263916
07,window,audio,1,5,-0.0023809075355529785,-0.01005709171295166
07,window,audio,5,9,-0.0015549063682556152,-0.008706092834472656
07,window,audio,9,13,-0.0013223886489868164,-0.003817915916442871
07,window,audio,13,17,-0.004144608974456787,-0.011926412582397461
07,window,audio,17,21,-0.0012905597686767578,-0.007273674011230469
07,window,audio,21,25,0.004303455352783203,0.02219367027282715
07,window,audio,25,29,0.0004159212112426758,0.0007801055908203125
07,window,audio,29,33,-0.0011270642280578613,-0.005016326904296875
07,window,audio,33,37,-0.0013592243194580078,-0.0055904388427734375
07,window,audio,37,41,-0.003325819969177246,-0.009908795356750488
07,window,audio,41,45,-0.004855096340179443,-0.018067240715026855
07,window,audio,45,49,-0.001935720443725586,-0.00906670093536377
07,window,vision,1,5,-0.002220749855041504,-0.008418679237365723
07,window,vision,5,9,-0.0008096098899841309,-0.0031273365020751953
07,window,vision,9,13,-0.0007184147834777832,-0.0009180307388305664
07,window,vision,13,17,0.003906846046447754,0.013635993003845215
07,window,vision,17,21,0.012250840663909912,0.05141472816467285
07,window,vision,21,25,0.014558911323547363,0.06809735298156738
07,window,vision,25,29,0.00587540864944458,0.02754521369934082
07,window,vision,29,33,0.005652964115142822,0.018988370895385742
07,window,vision,33,37,0.0011118054389953613,0.005128622055053711
07,window,vision,37,41,0.0016915202140808105,0.008580803871154785
07,window,vision,41,45,0.002499401569366455,0.012847900390625
07,window,vision,45,49,0.012984931468963623,0.06749367713928223
08,modality,text,-1,-1,0.14053106307983398,0.7713491916656494
08,modality,audio,-1,-1,0.13857653737068176,-0.20951175689697266
08,modality,vision,-1,-1,0.07473507523536682,-0.1406916379928589
08,window,text,1,5,-0.031980276107788086,0.3644833564758301
08,window,text,5,9,0.06076449155807495,0.2620816230773926
08,window,text,9,12,0.01791432499885559,0.174559086561203
08,window,audio,1,5,0.008586287498474121,0.001332700252532959
08,window,audio,5,9,0.11409622430801392,-0.16481810808181763
08,window,audio,9,12,0.02150818705558777,-0.0342232882976532
08,window,vision,1,5,0.04529961943626404,-0.09305053949356079
08,window,vision,5,9,0.02210131287574768,-0.03028389811515808
08,window,vision,9,12,0.0026721954345703125,-0.0021297037601470947
09,modality,text,-1,-1,0.5603352189064026,-1.8884994983673096
09,modality,audio,-1,-1,0.003846883773803711,-0.14546418190002441
09,modality,vision,-1,-1,0.0005548000335693359,-0.07815515995025635
09,window,text,1,5,-0.00018078088760375977,-0.031936049461364746
09,window,text,5,9,0.012313425540924072,-0.15910100936889648
09,window,text,9,13,0.005279600620269775,-0.22740626335144043
09,window,text,13,17,0.007203221321105957,-0.13283824920654297
09,window,text,17,19,0.006494402885437012,-0.11975765228271484
09,window,audio,1,5,0.00019466876983642578,-0.012124300003051758
09,window,audio,5,9,0.00018268823623657227,-0.006057262420654297
09,window,audio,9,13,0.00011837482452392578,-0.005927562713623047
09,window,audio,13,17,0.0018344521522521973,-0.06458783149719238
09,window,audio,17,19,0.0007292628288269043,-0.03629195690155029
09,window,vision,1,5,8.672475814819336e-05,-0.00038504600524902344
09,window,vision,5,9,-1.245737075805664e-05,0.008185863494873047
09,window,vision,9,13,-0.00010001659393310547,-0.006018400192260742
09,window,vision,13,17,0.00017368793487548828,-0.05421304702758789
09,window,vision,17,19,0.00035583972930908203,-0.015737295150756836
10,modality,text,-1,-1,0.48978134989738464,-1.0515028238296509
10,modality,audio,-1,-1,0.0011566877365112305,0.04706263542175293
10,modality,vision,-1,-1,0.043975770473480225,-0.018057584762573242
10,window,text,1,5,-0.01713728904724121,0.12914621829986572
10,window,text,5,9,-0.015864968299865723,0.07816755771636963
10,window,text,9,13,-0.01919865608215332,0.08513510227203369
10,window,text,13,17,0.032163381576538086,-0.08234190940856934
10,window,text,17,21,0.020583152770996094,-0.10291987657546997
10,window,text,21,25,-0.02863091230392456,0.37570345401763916
10,window,text,25,29,0.2510440945625305,-0.7224980592727661
10,window,text,29,31,0.4340962767601013,-1.0627498626708984
10,window,audio,1,5,0.00020873546600341797,-0.004447579383850098
10,window,audio,5,9,-0.0063967108726501465,0.021193742752075195
10,window,audio,9,13,0.0002506375312805176,0.007977604866027832
10,window,audio,13,17,0.0002828836441040039,-0.008461475372314453
10,window,audio,17,21,0.004772841930389404,-0.0281255841255188
10,window,audio,21,25,-0.005190849304199219,0.04771292209625244
10,window,audio,25,29,0.005290091037750244,-0.01200801134109497
10,window,audio,29,31,0.0034270286560058594,0.01992744207382202
10,window,vision,1,5,0.0021848082542419434,-0.007842540740966797
10,window,vision,5,9,-3.5762786865234375e-05,0.0033354759216308594
10,window,vision,9,13,0.0011124610900878906,0.025312423706054688
10,window,vision,13,17,0.004304230213165283,-0.013903439044952393
10,window,vision,17,21,0.002018153667449951,0.0044438838958740234
10,window,vision,21,25,0.003208637237548828,0.009032726287841797
10,window,vision,25,29,0.014754652976989746,-0.05656695365905762
10,window,vision,29,31,0.006575226783752441,0.00654447078704834
11,modality,text,-1,-1,0.32854074239730835,-0.8028303384780884
11,modality,audio,-1,-1,-0.0429263710975647,0.0829627513885498
11,modality,vision,-1,-1,0.07122129201889038,-0.15239334106445312
11,window,text,1,5,0.7487391233444214,-1.2150826454162598
11,window,text,5,9,0.0004527568817138672,-0.01038825511932373
11,window,text,9,13,-0.0403711199760437,0.15799427032470703
11,window,text,13,15,-0.03668355941772461,0.14578092098236084
11,window,audio,1,5,-0.053254783153533936,0.1570296287536621
11,window,audio,5,9,0.014362454414367676,-0.05949735641479492
11,window,audio,9,13,0.006692290306091309,-0.031667470932006836
11,window,audio,13,15,-6.22868537902832e-05,-0.0005929470062255859
11,window,vision,1,5,0.05654674768447876,-0.13070565462112427
11,window,vision,5,9,0.019112825393676758,-0.041440367698669434
11,window,vision,9,13,-0.006314873695373535,0.02085423469543457
11,window,vision,13,15,-0.0013821125030517578,0.0016189813613891602
12,modality,text,-1,-1,0.39315611124038696,-0.8459449410438538
12,modality,audio,-1,-1,0.0069956183433532715,-0.058084726333618164
12,modality,vision,-1,-1,0.13990092277526855,-0.4151644706726074
12,window,text,1,5,0.012645244598388672,-0.06145346164703369
12,window,text,5,9,-0.02514415979385376,0.15216529369354248
12,window,text,9,13,-0.00953143835067749,0.061928391456604004
12,window,text,13,17,0.02234095335006714,-0.07735311985015869
12,window,text,17,21,-0.0005101561546325684,0.010123252868652344
12,window,text,21,25,0.018545806407928467,-0.06798303127288818
12,window,text,25,29,0.0005286335945129395,-0.030009150505065918
12,window,text,29,33,-0.010131478309631348,-0.011363387107849121
12,window,text,33,37,0.0988432765007019,-0.2491382360458374
12,window,text,37,41,0.06903856992721558,-0.20475518703460693
12,window,text,41,43,0.022699415683746338,-0.16400516033172607
12,window,audio,1,5,-0.0013892054557800293,-0.0007822513580322266
12,window,audio,5,9,0.0018967390060424805,-0.010994315147399902
12,window,audio,9,13,-0.00037479400634765625,-6.4373016357421875e-06
12,window,audio,13,17,0.003622889518737793,-0.02068793773651123
12,window,audio,17,21,-0.0003609657287597656,-0.005952715873718262
12,window,audio,21,25,0.0008595585823059082,-0.007732391357421875
12,window,audio,25,29,0.0004923343658447266,-0.006294608116149902
12,window,audio,29,33,-0.006675124168395996,0.02839982509613037
12,window,audio,33,37,-0.003981232643127441,0.01601588726043701
12,window,audio,37,41,0.0068885087966918945,-0.02706325054168701
12,window,audio,41,43,0.005201101303100586,-0.014880061149597168
12,window,vision,1,5,0.0019995570182800293,-0.017731070518493652
12,window,vision,5,9,0.005139648914337158,-0.012761235237121582
12,window,vision,9,13,0.002894282341003418,-0.009374260902404785
12,window,vision,13,17,0.010637819766998291,-0.04530680179595947
12,window,vision,17,21,0.0027568936347961426,-0.009194731712341309
12,window,vision,21,25,0.009489715099334717,-0.04225921630859375
12,window,vision,25,29,0.002847015857696533,-0.01187288761138916
12,window,vision,29,33,0.0073677897453308105,-0.02867734432220459
12,window,vision,33,37,0.022246956825256348,-0.08330100774765015
12,window,vision,37,41,0.016737759113311768,-0.06694352626800537
12,window,vision,41,43,0.008823215961456299,-0.05742621421813965
13,modality,text,-1,-1,0.3611714243888855,0.63585364818573
13,modality,audio,-1,-1,0.05328434705734253,-0.14106673002243042
13,modality,vision,-1,-1,0.0,-2.9802322387695312e-08
13,window,text,1,5,0.08293086290359497,0.14251628518104553
13,window,text,5,9,0.052301108837127686,0.0014239251613616943
13,window,text,9,13,0.03366994857788086,0.010475978255271912
13,window,text,13,17,-0.003031015396118164,0.03726071119308472
13,window,text,17,21,0.012914121150970459,0.016782119870185852
13,window,text,21,25,0.016981661319732666,0.03135225176811218
13,window,text,25,29,-0.03359055519104004,0.10952873528003693
13,window,text,29,31,0.005380988121032715,0.02976222336292267
13,window,audio,1,5,0.0027579665184020996,-0.03900405764579773
13,window,audio,5,9,0.008552134037017822,-0.03406637907028198
13,window,audio,9,13,0.008822798728942871,-0.009833544492721558
13,window,audio,13,17,0.011073291301727295,-0.007923871278762817
13,window,audio,17,21,0.004702448844909668,-0.005470305681228638
13,window,audio,21,25,0.005742430686950684,-0.010247588157653809
13,window,audio,25,29,0.0021172761917114258,-0.017049312591552734
13,window,audio,29,31,0.0026832222938537598,-0.009618043899536133
13,window,vision,1,5,0.0,-2.9802322387695312e-08
13,window,vision,5,9,0.0,-2.9802322387695312e-08
13,window,vision,9,13,0.0,-2.9802322387695312e-08
13,window,vision,13,17,0.0,-2.9802322387695312e-08
13,window,vision,17,21,0.0,-2.9802322387695312e-08
13,window,vision,21,25,0.0,-2.9802322387695312e-08
13,window,vision,25,29,0.0,-2.9802322387695312e-08
13,window,vision,29,31,0.0,-2.9802322387695312e-08
14,modality,text,-1,-1,0.6473195552825928,-0.632846474647522
14,modality,audio,-1,-1,0.011510312557220459,-0.020985275506973267
14,modality,vision,-1,-1,-0.03921353816986084,0.22352664172649384
14,window,text,1,5,0.21379590034484863,-0.21069428324699402
14,window,text,5,9,0.17044192552566528,-0.22029638290405273
14,window,text,9,13,0.2311118245124817,-0.26054468750953674
14,window,text,13,17,0.10169988870620728,-0.12228521704673767
14,window,text,17,21,0.1356346607208252,-0.16090047359466553
14,window,text,21,25,0.09940201044082642,-0.1207287609577179
14,window,text,25,29,0.03926277160644531,-0.012822538614273071
14,window,text,29,33,0.10610556602478027,-0.11506232619285583
14,window,text,33,36,0.008477270603179932,0.0014844536781311035
14,window,audio,1,5,-0.010327398777008057,0.02873861789703369
14,window,audio,5,9,-0.01807427406311035,0.032860204577445984
14,window,audio,9,13,-0.006574749946594238,0.025955796241760254
14,window,audio,13,17,-6.157159805297852e-05,-0.0008834302425384521
14,window,audio,17,21,0.0023444294929504395,-0.005315423011779785
14,window,audio,21,25,0.0136527419090271,-0.016402214765548706
14,window,audio,25,29,0.01562190055847168,-0.03509485721588135
14,window,audio,29,33,0.00973421335220337,-0.02488178014755249
14,window,audio,33,36,0.006579160690307617,-0.019953936338424683
14,window,vision,1,5,-0.024868786334991455,0.05243809521198273
14,window,vision,5,9,-0.017123281955718994,0.034958988428115845
14,window,vision,9,13,-0.017132461071014404,0.036370038986206055
14,window,vision,13,17,-0.0040721893310546875,0.019796818494796753
14,window,vision,17,21,0.0038703083992004395,0.012043848633766174
14,window,vision,21,25,0.0075032711029052734,0.004578620195388794
14,window,vision,25,29,-0.0016875863075256348,0.02071337401866913
14,window,vision,29,33,0.012384235858917236,0.0034286081790924072
14,window,vision,33,36,-0.004475235939025879,0.027995914220809937
15,modality,text,-1,-1,0.4680621325969696,0.667128324508667
15,modality,audio,-1,-1,0.22826814651489258,0.3465428352355957
15,modality,vision,-1,-1,0.0059413909912109375,0.09168672561645508
15,window,text,1,5,0.32704249024391174,0.5093275308609009
15,window,text,5,9,0.1255197525024414,0.12732797861099243
15,window,text,9,13,-0.006712794303894043,-0.02628415822982788
15,window,text,13,17,0.047323524951934814,0.11041998863220215
15,window,text,17,21,0.07398360967636108,0.2148866057395935
15,window,text,21,22,0.06550067663192749,0.12209427356719971
15,window,audio,1,5,0.01107090711593628,0.02747344970703125
15,window,audio,5,9,-0.0012091398239135742,-0.013059139251708984
15,window,audio,9,13,0.03236711025238037,0.033265113830566406
15,window,audio,13,17,0.03739136457443237,0.06366562843322754
15,window,audio,17,21,0.07933849096298218,0.18216931819915771
15,window,audio,21,22,0.00801318883895874,0.020888566970825195
15,window,vision,1,5,-0.01509171724319458,-0.024467408657073975
15,window,vision,5,9,-0.007227003574371338,0.0009116530418395996
15,window,vision,9,13,-0.0021055936813354492,0.01030188798904419
15,window,vision,13,17,-0.014784455299377441,-0.02443838119506836
15,window,vision,17,21,0.03336071968078613,0.08492988348007202
15,window,vision,21,22,0.01235353946685791,0.03639853000640869
16,modality,text,-1,-1,0.5717446804046631,-2.3950374126434326
16,modality,audio,-1,-1,-5.823373794555664e-05,-0.04201936721801758
16,modality,vision,-1,-1,0.0011374354362487793,-0.08223724365234375
16,window,text,1,5,0.0018492937088012695,-0.0502622127532959
16,window,text,5,9,0.005814611911773682,-0.28994131088256836
16,window,text,9,12,0.007444858551025391,-0.47864866256713867
16,window,audio,1,5,0.0001646280288696289,-0.023557662963867188
16,window,audio,5,9,-0.0002988576889038086,0.0018527507781982422
16,window,audio,9,12,0.00010335445404052734,-0.017871856689453125
16,window,vision,1,5,0.0002071857452392578,-0.017326831817626953
16,window,vision,5,9,0.0005195140838623047,-0.0391845703125
16,window,vision,9,12,0.0002257227897644043,-0.018530845642089844
17,modality,text,-1,-1,0.7477456331253052,1.8605533838272095
17,modality,audio,-1,-1,0.00012665987014770508,-0.07559609413146973
17,modality,vision,-1,-1,0.010485410690307617,0.2918274402618408
17,window,text,1,5,-0.001263737678527832,-0.04815375804901123
17,window,text,5,9,0.009422838687896729,0.15446019172668457
17,window,text,9,13,0.013617098331451416,0.3434281349182129
17,window,text,13,17,0.013701021671295166,0.2994987964630127
17,window,text,17,21,0.001707613468170166,0.04708707332611084
17,window,text,21,25,0.0012874603271484375,0.04139578342437744
17,window,audio,1,5,0.0002372264862060547,0.005556702613830566
17,window,audio,5,9,-0.0002612471580505371,-0.0172044038772583
17,window,audio,9,13,-0.00010633468627929688,-0.022853493690490723
17,window,audio,13,17,0.0006673932075500488,-0.007416486740112305
17,window,audio,17,21,-0.00014084577560424805,-0.01918959617614746
17,window,audio,21,25,-0.00022846460342407227,-0.011469244956970215
17,window,vision,1,5,0.00028437376022338867,0.017165422439575195
17,window,vision,5,9,0.0021188855171203613,0.061817049980163574
17,window,vision,9,13,0.0022385120391845703,0.09481346607208252
17,window,vision,13,17,0.0019643306732177734,0.06526851654052734
17,window,vision,17,21,0.00016945600509643555,-0.0003744363784790039
17,window,vision,21,25,-0.0002409815788269043,-0.005896449089050293
18,modality,text,-1,-1,0.19936367869377136,-0.2936360239982605
18,modality,audio,-1,-1,0.0034332871437072754,-0.07958924770355225
18,modality,vision,-1,-1,-0.06663036346435547,-0.21675586700439453
18,window,text,1,5,0.017075538635253906,-0.034427255392074585
18,window,text,5,9,0.08380088210105896,0.03963363170623779
18,window,text,9,13,-0.02290952205657959,-0.08325472474098206
18,window,text,13,17,0.021095216274261475,0.008457064628601074
18,window,text,17,21,0.11773490905761719,0.11132305860519409
18,window,text,21,25,0.04614144563674927,0.036143481731414795
18,window,text,25,29,0.00027811527252197266,-0.07941290736198425
18,window,text,29,33,-0.09389388561248779,-0.21047240495681763
18,window,text,33,37,-0.028889954090118408,-0.12733441591262817
18,window,text,37,41,-0.07013654708862305,-0.18311533331871033
18,window,text,41,45,0.07128748297691345,0.043463051319122314
18,window,text,45,49,0.03842589259147644,0.020948946475982666
18,window,audio,1,5,0.005276799201965332,-0.005060434341430664
18,window,audio,5,9,0.006160557270050049,-0.00420716404914856
18,window,audio,9,13,0.0027000904083251953,-0.010789871215820312
18,window,audio,13,17,-0.0023433566093444824,-0.017183512449264526
18,window,audio,17,21,0.007196664810180664,-0.0021480917930603027
18,window,audio,21,25,0.008844077587127686,0.005525112152099609
18,window,audio,25,29,-0.0027594566345214844,-0.008026272058486938
18,window,audio,29,33,-0.0005903244018554688,-0.006306052207946777
18,window,audio,33,37,-0.009110808372497559,-0.006246984004974365
18,window,audio,37,41,-0.0059836506843566895,-0.008945167064666748
18,window,audio,41,45,-0.008722662925720215,-0.006793975830078125
18,window,audio,45,49,0.0012296438217163086,-0.005126237869262695
18,window,vision,1,5,-0.00020331144332885742,-0.002751469612121582
18,window,vision,5,9,0.002377748489379883,7.325410842895508e-05
18,window,vision,9,13,-0.0020104646682739258,-0.00844147801399231
18,window,vision,13,17,-0.0037616491317749023,-0.013372480869293213
18,window,vision,17,21,-0.005961120128631592,-0.014036417007446289
18,window,vision,21,25,-0.010509788990020752,-0.013165831565856934
18,window,vision,25,29,-0.015046238899230957,-0.035160064697265625
18,window,vision,29,33,-0.02982419729232788,-0.0582146942615509
18,window,vision,33,37,-0.009580850601196289,-0.025529146194458008
18,window,vision,37,41,-0.0033472776412963867,-0.016160011291503906
18,window,vision,41,45,-0.007474660873413086,-0.023971855640411377
18,window,vision,45,49,0.0005257725715637207,-0.005482971668243408
19,modality,text,-1,-1,-0.12326973676681519,0.031609296798706055
19,modality,audio,-1,-1,0.069610595703125,0.10566139221191406
19,modality,vision,-1,-1,0.19106841087341309,0.40601617097854614
19,window,text,1,5,0.20485076308250427,0.3683018684387207
19,window,text,5,9,-0.12349390983581543,-0.09022128582000732
19,window,text,9,13,0.008275091648101807,0.026796340942382812
19,window,text,13,17,0.06406700611114502,0.13509440422058105
19,window,text,17,21,-0.10710173845291138,-0.14281785488128662
19,window,text,21,25,-0.0025187134742736816,0.04366946220397949
19,window,text,25,29,-0.01375037431716919,0.014156341552734375
19,window,text,29,33,-0.15774857997894287,-0.17326819896697998
19,window,text,33,37,0.12341815233230591,0.19292593002319336
19,window,text,37,40,0.0020343661308288574,-0.04153585433959961
19,window,audio,1,5,0.03492528200149536,0.054175496101379395
19,window,audio,5,9,-0.0009651780128479004,-0.0014600157737731934
19,window,audio,9,13,-0.01480478048324585,-0.016458094120025635
19,window,audio,13,17,0.008190035820007324,0.0188523530960083
19,window,audio,17,21,-0.005622446537017822,-0.004541993141174316
19,window,audio,21,25,0.018047571182250977,0.028624534606933594
19,window,audio,25,29,0.004437685012817383,0.007472515106201172
19,window,audio,29,33,0.016421198844909668,0.015137553215026855
19,window,audio,33,37,0.0034837722778320312,0.0007063150405883789
19,window,audio,37,40,0.0002377033233642578,-0.006765305995941162
19,window,vision,1,5,0.07530808448791504,0.1429687738418579
19,window,vision,5,9,-0.0001055598258972168,0.006413698196411133
19,window,vision,9,13,-0.013014495372772217,-0.0105360746383667
19,window,vision,13,17,0.0012895464897155762,0.0197904109954834
19,window,vision,17,21,0.024478495121002197,0.051462531089782715
19,window,vision,21,25,0.025309383869171143,0.045229554176330566
19,window,vision,25,29,0.0008434057235717773,0.006621122360229492
19,window,vision,29,33,0.016170799732208252,0.02735811471939087
19,window,vision,33,37,0.033984243869781494,0.05526512861251831
19,window,vision,37,40,0.006302833557128906,0.005295753479003906
20,modality,text,-1,-1,0.3266681432723999,0.6707675457000732
20,modality,audio,-1,-1,0.014663338661193848,0.04209578037261963
20,modality,vision,-1,-1,0.12780535221099854,0.498640239238739
20,window,text,1,5,0.007952630519866943,0.08494985103607178
20,window,text,5,9,0.01605391502380371,0.06454360485076904
20,window,text,9,13,-0.011733770370483398,-0.09338724613189697
20,window,text,13,17,0.002827942371368408,0.014304757118225098
20,window,text,17,21,-0.008105456829071045,-0.07069432735443115
20,window,text,21,25,-0.0045462846755981445,-0.07512128353118896
20,window,text,25,29,-0.003293275833129883,-0.02263033390045166
20,window,text,29,33,-0.01703399419784546,-0.09106838703155518
20,window,text,33,37,0.0023773908615112305,-0.0026024580001831055
20,window,text,37,41,0.010337650775909424,0.04451167583465576
20,window,text,41,44,0.021259307861328125,0.1422114372253418
20,window,audio,1,5,0.0014630556106567383,0.012441754341125488
20,window,audio,5,9,0.0027431249618530273,0.015662670135498047
20,window,audio,9,13,-0.0006088614463806152,-0.0072400569915771484
20,window,audio,13,17,-0.002002418041229248,-0.020154953002929688
20,window,audio,17,21,-0.00035750865936279297,-0.005810737609863281
20,window,audio,21,25,0.0024593472480773926,0.016414284706115723
20,window,audio,25,29,0.0012368559837341309,0.0070416927337646484
20,window,audio,29,33,-0.0006324052810668945,-0.00347745418548584
20,window,audio,33,37,0.0010848641395568848,0.0012619495391845703
20,window,audio,37,41,0.005139470100402832,0.010442376136779785
20,window,audio,41,44,0.0017796158790588379,0.0150526762008667
20,window,vision,1,5,0.004784524440765381,0.04679703712463379
20,window,vision,5,9,0.010550856590270996,0.07473289966583252
20,window,vision,9,13,0.0056844353675842285,0.04474747180938721
20,window,vision,13,17,0.005500316619873047,0.04882943630218506
20,window,vision,17,21,0.01014620065689087,0.09121012687683105
20,window,vision,21,25,0.009915709495544434,0.08421170711517334
20,window,vision,25,29,0.002241194248199463,0.01762104034423828
20,window,vision,29,33,0.0002275705337524414,-0.0016164779663085938
20,window,vision,33,37,0.0008221864700317383,-0.0017315149307250977
20,window,vision,37,41,0.0034883618354797363,-0.00040793418884277344
20,window,vision,41,44,0.00294572114944458,0.013224482536315918
